title,min,max,center,mean,all_years,used_expressions,ignored_expressions
"
"
"GAG392: Phosphor und der Streik der Streichholzarbeiterinnen
",1888,1888,1888,1888,"[1888, 1888, 1888]","[""Sommer 1888"", ""May"", ""May""]",[]
"GAG391: Celia Cooney, die Banditin mit der Kurzhaarfrisur
",1900,1999,1949,1932,"[1920, 1929, 1924, 1900, 1999, 1924]","[""1920er Jahre"", ""Jahres 1924"", ""20. Jahrhunderts"", ""Jahr 1924""]",[]
"GAG390: Kleopatra Selene und das Ende der Römischen Republik
",30,30,30,30,[30],"[""Jahr 30""]",[]
"GAG389: Spieglein, Spieglein an der Wand
",1600,1699,1649,1649,"[1600, 1699]","[""17. Jahrhunderts""]",[]
"GAG388: Marie Tussaud und die Wachsfiguren
"
"GAG387: Nurhaci und die Entstehung der Mandschu
",1600,1699,1649,1649,"[1600, 1699]","[""17. Jahrhundert""]",[]
"GAG386: Der Wettlauf zum Nordpol
",30,1899,964,757,"[30, 30, 1800, 1899, 30]","[""August"", ""der zweiten Hälfte"", ""19. Jahrhunderts"", ""August""]",[]
"GAG385: Delmonico's und der erste Starkoch der USA
",1800,1899,1849,1849,"[1800, 1899, 1800, 1899]","[""19. Jahrhunderts"", ""19. Jahrhunderts""]",[]
"GAG384: Flaschenpost und die Erforschung der Ozeane
",1864,1864,1864,1864,[1864],"[""1864""]","[""heute""]"
"GAG383: Bletchley Park
",1939,2009,1974,1974,"[1939, 2009]","[""September 1939"", ""2009""]","[""heute""]"
"GAG382: Der erste Film
",1888,1890,1889,1889,"[1888, 1890]","[""1888"", ""1890""]",[]
"GAG381: Mau Piailug und die Besiedelung des Pazifiks
",1900,2006,1953,1970,"[1900, 1999, 1970, 1979, 2006]","[""20. Jahrhundert"", ""den 1970er Jahren"", ""Jahr 2006""]","[""heute""]"
"GAG380: Das Maß aller Dinge
",1792,1792,1792,1792,[1792],"[""Jahr 1792""]",[]
"GAG379: Theodor von Neuhoff - König von Korsika
",1700,1799,1749,1746,"[1700, 1799, 1740]","[""18. Jahrhundert"", ""Jahr 1740""]",[]
"GAG378: Ein langer Marsch durch Feindesland
",401,401,401,401,[401],"[""Jahr 401""]","[""bald""]"
"GAG377: Aufstieg und Fall des Templerordens
",1100,2017,1558,1708,"[1100, 1199, 1307, 2017, 2017, 2001, 2012, 2012]","[""12. Jahrhunderts"", ""Jahr 1307"", ""2017"", ""2017"", ""2001"", ""2012"", ""2012""]",[]
"GAG376: Nagelmackers und der Orient-Express
",1800,1899,1849,1849,"[1800, 1899]","[""19. Jahrhunderts""]",[]
"GAG375: Sofia Kowalewskaja, ""Königin der Wissenschaft""
",1800,2017,1908,1939,"[1800, 1899, 1850, 2000, 2000, 2011, 2017, 1993, 1888]","[""19. Jahrhunderts"", ""Jahr 1850"", ""15. Oktober 2000"", ""2000"", ""2011"", ""2017"", ""1993"", ""Jahr 1888""]",[]
"GAG374: Ludwik Fleck und das Fleckfieber
",1909,1909,1909,1909,[1909],"[""1909""]","[""heute""]"
"GAG373: Morocco und der Kluge Hans
",1900,2016,1958,1980,"[1900, 1999, 2016, 2006, 2013, 1907, 1986, 2014]","[""20. Jahrhunderts"", ""2016"", ""1. April 2006"", ""2013"", ""1907"", ""1986"", ""2014""]",[]
"GAG372: Wie das Roulette eine Null verlor
",1834,1849,1841,1841,"[1834, 1840, 1849]","[""Jahr 1834"", ""den 1840er-Jahren""]",[]
"GAG371: Galla Placidia
",400,499,449,449,"[400, 499]","[""5. Jahrhunderts""]",[]
"GAG370: Der Kodex des Archimedes
",1229,1998,1613,1613,"[1229, 1998]","[""Jahr 1229"", ""Jahr 1998""]","[""heute""]"
"GAG369: Der Struwwelpeter
",1800,2198,1999,1939,"[1800, 1899, 2198, 1861]","[""19. Jahrhunderts"", ""beinahe 200 Jahre später"", ""1861""]","[""heute"", ""heute""]"
"GAG368: Wie das Jod ins Salz kam
"
"GAG367: Untergang und Comeback der VASA
",1600,1699,1649,1649,"[1600, 1699, 1600, 1699]","[""17. Jahrhunderts"", ""17. Jahrhunderts""]","[""heute""]"
"GAG366: Das Attentat von Anagni
",1303,1403,1353,1353,"[1303, 1403]","[""September 1303"", ""über 100 Jahre später""]",[]
"GAG365: The Ghost Army
",1944,1945,1944,1944,"[1944, 1945]","[""1944"", ""1945""]",[]
"GAG364: Mord und Madrigale – Carlo Gesualdo
",1590,1638,1614,1613,"[1590, 1611, 1638]","[""Oktober 1590"", ""1611"", ""1638""]","[""heute""]"
"GAG363: Duke Kahanamoku
",1890,1912,1901,1901,"[1890, 1912]","[""Jahr 1890"", ""1912""]",[]
"GAG362: Bayerns letzte Kurfürstin
",1777,2002,1889,1889,"[1777, 2002]","[""Jahr 1777"", ""2002""]",[]
"GAG361: Gustave Trouvé - der vergessene Erfinder
",1800,2015,1907,1891,"[1800, 1899, 1839, 1902, 2015, 1881, 1902, 1891]","[""19. Jahrhunderts"", ""1839"", ""1902"", ""2015"", ""1881"", ""1902"", ""Jahr 1891""]","[""bald""]"
"GAG360: Unglück am Matterhorn
",1865,1865,1865,1865,[1865],"[""Juli 1865""]",[]
"GAG359: Eine kleine Geschichte des Schachspiels
",2007,2015,2011,2011,"[2007, 2015]","[""2007"", ""2015""]",[]
"GAG358: Philipp Reis und die Erfindung des Telefons
",1860,1999,1929,1905,"[1860, 1900, 1999, 1861]","[""1860"", ""20. Jahrhunderts"", ""1861""]",[]
"GAG357: Mary Kingsley
",1893,1897,1895,1895,"[1893, 1897]","[""Jahr 1893"", ""vier Jahre später""]",[]
"GAG356: Das DeLorean-Drama
"
"GAG355: Der Englische Schweiß
",1400,1599,1499,1499,"[1400, 1499, 1500, 1599]","[""15."", ""16. Jahrhundert""]",[]
"GAG354: Die Halsbandaffäre
",1785,1785,1785,1785,[1785],"[""August 1785""]",[]
"GAG353: Wallada
",700,1099,899,899,"[1000, 1099, 700, 799]","[""11. Jahrhundert"", ""8. Jahrhunderts""]",[]
"GAG352: Wallace und das Rennen um die Evolutionstheorie
",1858,1858,1858,1858,[1858],"[""Anfang 1858""]","[""heute""]"
"GAG351: Die Erfindung des Saxophons - Aufstieg und Fall des Adolphe Sax
",1800,2013,1906,1938,"[1800, 1899, 1917, 1999, 2005, 2013]","[""19. Jahrhunderts"", ""1917"", ""1999"", ""2005"", ""2013""]","[""bald""]"
"GAG350: Der Bauernkrieg und die Revolution von 1525
",1524,1526,1525,1524,"[1525, 1524, 1524, 1526, 1525]","[""1525"", ""1524"", ""1524"", ""1526"", ""1525""]","[""jetzt""]"
"GAG349: Konstantin Phaulkon im Königreich Ayutthaya
",1600,1699,1649,1649,"[1600, 1699, 1600, 1699]","[""17. Jahrhundert"", ""17. Jahrhundert""]",[]
"GAG348: Der Anschlag auf die Mosel
",1875,1875,1875,1875,[1875],"[""11. Dezember 1875""]",[]
"GAG347: Adrianopel 378
",378,378,378,378,[378],"[""Jahr 378""]","[""heute""]"
"GAG346: Die längste Hängebrücke der Welt
",1800,1899,1849,1856,"[1800, 1899, 1869]","[""19. Jahrhundert"", ""1869""]",[]
"GAG345: Suffrajitsu
",1910,1910,1910,1910,[1910],"[""Jahr 1910""]",[]
"GAG344: Der Artischockenkrieg
",1935,2017,1976,1976,"[1935, 2017]","[""21. Dezember 1935"", ""2017""]",[]
"GAG343: Phoebus und die geplante Obsoleszenz
",1883,2014,1948,1940,"[1900, 1999, 1924, 1924, 2014, 1883]","[""20. Jahrhundert"", ""Jahres 1924"", ""Weihnachtsabend"", ""2014"", ""Jahr 1883""]",[]
"GAG342: Das Stockholmer Blutbad
",1520,1520,1520,1520,"[1520, 1520]","[""1520"", ""November 1520""]",[]
"GAG341: Der Exorzismus der Marthe Brossier
",1500,1599,1549,1549,"[1500, 1599]","[""16. Jahrhunderts""]",[]
"GAG340: Tauben, die Raketen steuern und Kybernetik
",1940,1949,1944,1944,"[1940, 1949]","[""den 1940er-Jahren""]",[]
"GAG339: Der Vocoder
",1940,1949,1944,1944,"[1940, 1949]","[""die 1940er Jahre""]",[]
"GAG338: Eine neue Gesellschaft – Frühsozialist Robert Owen
",1800,1899,1849,1849,"[1800, 1899]","[""19. Jahrhunderts""]",[]
"GAG337: Über Hummer, Kaviar und wie das Loch in den Donut kam
"
"GAG336: George Smith und die Entdeckung des Gilgamesch-Epos
",1872,1872,1872,1872,[1872],"[""Jahr 1872""]",[]
"GAG335: Aqua Tofana und die Giftmischerinnen des 17. Jahrhunderts
",1600,1699,1649,1649,"[1600, 1699, 1600, 1699]","[""17. Jahrhunderts"", ""17. Jahrhunderts""]","[""heute""]"
"GAG334: Rachel Carson und der stumme Frühling
",1872,1969,1920,1933,"[1872, 1960, 1969]","[""Frühling"", ""1960er-Jahre""]",[]
"GAG333: Alexandria
"
"GAG332: Wie Gregor MacGregor ein Land verkaufte, das es gar nicht gab
",1820,1829,1824,1824,"[1820, 1829]","[""den 1820er-Jahren""]",[]
"GAG331: Wie Tetris die Welt eroberte
",1900,1999,1949,1949,"[1900, 1999]","[""20. Jahrhunderts""]",[]
"GAG330: Zum Tode verurteilt – Catharina Linck alias Anastasius Lagrantinus Rosenstengel
",1700,1799,1749,1749,"[1700, 1799]","[""18. Jahrhundert""]",[]
"GAG329: Wie der Wolf zum Hund wurde
",1940,1940,1940,1940,[1940],"[""Jahr 1940""]","[""heute""]"
"GAG328: P. T. Barnum und die größte Show der Welt
",1800,1899,1849,1847,"[1800, 1899, 1842]","[""19. Jahrhunderts"", ""1842""]",[]
"GAG327: Das große Geburtenrennen von Toronto
",1926,1939,1932,1931,"[1926, 1930, 1939]","[""31. Oktober 1926"", ""die späten 30er-Jahre""]",[]
"GAG326: Ausgestorbene und außergewöhnliche Berufe
",1926,1926,1926,1926,[1926],"[""Weihnachten""]",[]
"GAG325: Der Große Smog von 1952
",1952,1952,1952,1952,"[1952, 1952, 1952]","[""1952"", ""Jahr 1952"", ""Jahr 1952""]",[]
"GAG324: Mit dem Ballon zum Nordpol – Andrées Polarexpedition von 1897
",1897,2022,1959,1932,"[1897, 1897, 1898, 1897, 1898, 2022, 1970, 1979]","[""1897"", ""Juli 1897"", ""nächsten Frühjahr"", ""Oktober 1897"", ""nächsten Jahr"", ""2022"", ""den 1970er Jahren""]","[""heute""]"
"GAG323: Die Republik Ezo und das Ende des Shogunats
",1800,1899,1849,1854,"[1800, 1899, 1864]","[""19. Jahrhundert"", ""Jahr 1864""]",[]
"GAG322: Portugal und der Seeweg nach Indien
",1504,1504,1504,1504,[1504],"[""Frühjahr 1504""]","[""heute""]"
"GAG321: Aufstieg und möglicher Fall der Banane
",1700,1999,1849,1853,"[1870, 1900, 1999, 1700, 1799]","[""Jahr 1870"", ""20. Jahrhunderts"", ""18. Jahrhundert""]","[""heute""]"
"GAG320: In 72 Tagen um die Welt – Journalistin Nellie Bly
",1889,1889,1889,1889,[1889],"[""14. November 1889""]","[""heute""]"
"GAG319: Ashoka der Große
",200,299,249,249,"[200, 299]","[""3. Jahrhundert""]",[]
"GAG318: Der Nuklearunfall von Goiânia
",1987,1987,1987,1987,[1987],"[""Herbst 1987""]","[""heute""]"
"GAG317: Roger Tichborne – die wundersame Rückkehr des Sohnes
",1800,1899,1849,1849,"[1800, 1899]","[""19. Jahrhunderts""]",[]
"GAG316: Die Shakespeare-Unruhen
",1849,1849,1849,1849,[1849],"[""10. Mai 1849""]",[]
"GAG315: Der Mehlkrieg von 1775
",1700,1799,1749,1758,"[1775, 1700, 1799]","[""1775"", ""18. Jahrhunderts""]",[]
"GAG314: Eine kurze Geschichte der Cholera
",1854,1892,1873,1873,"[1873, 1873, 1873, 1892, 1854]","[""1873"", ""Sommer"", ""Oktober"", ""1892"", ""1854""]","[""heute""]"
"GAG313: Die Geschwister Herschel
",1700,1799,1749,1749,"[1700, 1799]","[""18. Jahrhundert""]","[""bald"", ""heute""]"
"GAG312: Der beste aller Ritter – das Leben von Guillaume le Maréchal
",1880,1889,1884,1884,"[1880, 1889]","[""den 1880er-Jahren""]",[]
"GAG311: Der Imjin-Krieg
",1500,1854,1677,1617,"[1854, 1592, 1500, 1599, 1543]","[""Mai"", ""Jahres 1592"", ""16. Jahrhunderts"", ""Jahr 1543""]",[]
"GAG310: Arbeitskampf, Streik und das Leben der Gewerkschaftspionierin Paula Thiede
",1800,1900,1850,1866,"[1800, 1899, 1900]","[""19. Jahrhunderts"", ""1900""]",[]
"GAG309: Die Bestie des Gévaudan
",1700,1899,1799,1788,"[1700, 1799, 1764, 1767, 1800, 1899]","[""18. Jahrhundert"", ""1764"", ""1767"", ""19. Jahrhundert""]",[]
"GAG308: Eine kurze Geschichte des Urlaubs und Reisens
"
"GAG307: Njinga, Königin von Ndongo und Matamba
",1600,1899,1749,1749,"[1600, 1699, 1800, 1899]","[""das 17. Jahrhundert"", ""19. Jahrhundert""]",[]
"GAG306: Motoren, Krieg und Inflation – Aufstieg und Fall des Unternehmers Camillo Castiglioni
"
"GAG305: Der Piltdown-Mensch
",1912,1912,1912,1912,[1912],"[""Jahr 1912""]","[""heute""]"
"GAG304: Der Falschgeldbetrug von Alves dos Reis
",290,1925,1107,1107,"[1925, 290]","[""1925"", ""290""]",[]
"GAG303: Brunelleschi und die Kathedrale von Florenz
",1682,1682,1682,1682,[1682],"[""1682""]",[]
"GAG302: Sealand und die Gründung einer Mikronation
",1967,1967,1967,1967,[1967],"[""Jahr 1967""]",[]
"GAG301: Mary Seacole
",1800,1899,1849,1849,"[1800, 1899]","[""19. Jahrhundert""]",[]
"GAG300: Der vorläufige Höhepunkt
"
"GAG299: Wie Basketball von James Naismith erfunden wurde
",1800,1967,1883,1889,"[1967, 1800, 1899, 1891]","[""der zweiten Hälfte"", ""19. Jahrhunderts"", ""1891""]","[""heute""]"
"GAG298: Die Grüne Fee und der Absinthismus
",1700,1799,1749,1749,"[1700, 1799]","[""18. Jahrhundert""]",[]
"GAG297: Die Revolutionärin und (fast) vergessene Pionierin der Frauenbewegung – Mathilde Franziska Anneke
",1800,1899,1849,1849,"[1800, 1899, 1848, 1849]","[""19. Jahrhundert"", ""1848"", ""49""]",[]
"GAG296: Jeanne la Flamme und der bretonische Erbfolgekrieg
",1300,1499,1399,1399,"[1300, 1399, 1400, 1499]","[""14. Jahrhundert"", ""15. Jahrhunderts""]",[]
"GAG295: Die Verwandlung des Axolotls
",1804,1864,1834,1834,"[1804, 1864]","[""1804"", ""60 Jahre später""]",[]
"GAG294: Erwin Kreuz
",1977,1977,1977,1977,[1977],"[""Jahr 1977""]",[]
"GAG293: Als in Europa Menschen ausgestellt wurden
",1800,1899,1849,1865,"[1800, 1899, 1896]","[""19. Jahrhunderts"", ""1896""]",[]
"GAG292: Paul Grüninger
",1938,1939,1938,1938,"[1938, 1939]","[""Jahr 1938"", ""Jahr 1939""]","[""bald""]"
"GAG291: Ein erfolgreicher Kampf gegen die Kolonialisierung
",1800,1899,1849,1865,"[1800, 1899, 1896]","[""19. Jahrhundert"", ""1. März 1896""]",[]
"GAG290: Der Angriff der Leichten Brigade
",10,2021,1015,1295,"[1854, 2021, 10]","[""Jahr 1854"", ""16.5.2021"", ""10""]",[]
"GAG289: Ein Kreuzzug, der einen ungeahnten Verlauf nahm
",1202,1202,1202,1202,[1202],"[""Jahr 1202""]","[""heute""]"
"GAG288: Der Senat, der über Leichen ging
",100,199,149,149,"[100, 199]","[""2. Jahrhundert""]",[]
"GAG287: Eine kurze Geschichte des Ballonfahrens und Fallschirmspringens
",1700,1799,1749,1765,"[1700, 1799, 1797]","[""18. Jahrhunderts"", ""1797""]","[""bald""]"
"GAG286: Die verschwundenen Seefrauen Islands
",1800,1899,1849,1849,"[1800, 1899]","[""19. Jahrhunderts""]","[""heutzutage""]"
"GAG285: Joseph Petrosino und die Black Hand
",1900,1909,1904,1904,"[1900, 1909]","[""1900"", ""1909""]","[""bald""]"
"GAG284: ""There is death in the pot"" - Friedrich Accum und die Lebensmittelfälscher
",1800,1899,1849,1849,"[1800, 1899]","[""19. Jahrhunderts""]",[]
"GAG283: Lola Montez
",1800,1899,1849,1849,"[1800, 1899, 1800, 1899]","[""19. Jahrhunderts"", ""das 19. Jahrhundert""]",[]
"GAG282: Fredegund, Brunhild und der merowingische Bruderkrieg
",500,599,549,549,"[500, 599]","[""6. Jahrhundert""]",[]
"GAG281: Der Putschversuch vom 23. Februar 1981
",1981,1981,1981,1981,"[1981, 1981]","[""23. Februar 1981"", ""23. Februar 1981""]","[""heute""]"
"GAG280: Der versunkene Kontinent Lemuria
",1800,1899,1849,1854,"[1800, 1899, 1864]","[""19. Jahrhundert"", ""Jahr 1864""]","[""heute""]"
"GAG279: Muskat und Manhattan
",1600,1699,1649,1649,"[1600, 1699]","[""das 17. Jahrhundert""]","[""heute""]"
"GAG278: Von göttlichen Robotern und feuerspeienden Bullen
"
"GAG277: Der Aufstand und Putsch von Wilmington
",1898,1898,1898,1898,[1898],"[""Jahr 1898""]",[]
"GAG276: Aufruhr am Sankt-Scholastika-Tag
",1355,1955,1655,1643,"[1355, 1355, 1955, 1907]","[""Jahres 1355"", ""10. Februar"", ""Jahr 1955"", ""Jahr 1907""]","[""dieser Tag""]"
"GAG275: Victor Lustig – Der Mann, der den Eiffelturm verkaufte
",1920,1929,1924,1924,"[1925, 1920, 1929]","[""Jahr 1925"", ""den 1920er-Jahren""]",[]
"GAG274: Das Petzvalobjektiv
",1800,1949,1874,1885,"[1940, 1949, 1800, 1899, 1839]","[""die 40er Jahre"", ""19. Jahrhunderts"", ""Jahr 1839""]",[]
"GAG273: Der Alchemist und Goldmacher Franz Tausend
",1929,1929,1929,1929,[1929],"[""1929""]",[]
"GAG272: Am Ende der Welt - Napoleons letzte Jahre im Exil
",1928,1928,1928,1928,[1928],"[""letzte Jahre""]",[]
"GAG271: Caroline Neuber und der Hanswurststreit
",1700,1799,1749,1749,"[1700, 1799]","[""18. Jahrhundert""]",[]
"GAG270: Eine thüringische Katastrophe
",1100,1199,1149,1149,"[1100, 1199]","[""12. Jahrhundert""]",[]
"GAG269: Monika Ertl und ein Mord im Generalkonsulat
",1950,1971,1960,1960,"[1971, 1950, 1959]","[""1. April 1971"", ""den 1950er-Jahren""]","[""heute""]"
"GAG268: Die Gebrüder Kellogg und die Erfindung des Frühstücks
",1800,1899,1849,1849,"[1800, 1899]","[""19. Jahrhundert""]","[""bald"", ""heute""]"
"GAG267: Die Leichensynode von 897
",897,897,897,897,[897],"[""897""]","[""heute""]"
"GAG266: Die Schlacht von Azincourt
",1415,1415,1415,1415,"[1415, 1415]","[""Jahr 1415"", ""14. August""]",[]
"GAG265: Syphilis und die Tuskegee-Syphilis-Studie
",1400,1999,1699,1849,"[1400, 1499, 1900, 1999, 1940, 1949, 1900, 1999, 1932, 1972]","[""15. Jahrhunderts"", ""20. Jahrhundert"", ""den 1940er-Jahren"", ""20. Jahrhunderts"", ""1932"", ""1972""]","[""heute""]"
"GAG264: Seondeok, erste Königin Koreas
",600,699,649,649,"[600, 699]","[""7. Jahrhundert""]",[]
"GAG263: Lavoisier und die Entdeckung des Sauerstoffs
",1700,1799,1749,1762,"[1700, 1799, 1770, 1779]","[""18. Jahrhundert"", ""den 1770er-Jahren""]","[""Heute""]"
"GAG262: Die Strawhat Riots
",1900,1999,1949,1935,"[1922, 1922, 1900, 1999]","[""Jahr 1922"", ""13. September"", ""20. Jahrhunderts""]","[""heute""]"
"GAG261: Adam Worth, der Napoleon des Verbrechens
",1800,1899,1849,1849,"[1800, 1899]","[""19. Jahrhundert""]",[]
"GAG260: Der Rattenfänger von Hameln
",1284,1284,1284,1284,"[1284, 1284]","[""Jahr 1284"", ""diesem Jahr""]",[]
"GAG259: Operation Mincemeat – Eine Geheimdienstaktion während des Zweiten Weltkriegs
",1943,1943,1943,1943,[1943],"[""Jahr 1943""]",[]
"GAG258: Der Andrews Raid - Eine Lokomotive auf Abwegen
",1862,1862,1862,1862,[1862],"[""Jahr 1862""]",[]
"GAG257: Alexander von Humboldt – Bugtales.FM Crossover
"
"GAG256: Der Rütlischwur und die Anfänge der Schweizerischen Eidgenossenschaft
",1291,1291,1291,1291,[1291],"[""1. August 1291""]",[]
"GAG255: Die 47 Ronin
",1700,1799,1749,1734,"[1700, 1799, 1703]","[""18. Jahrhunderts"", ""Jahr 1703""]","[""heute""]"
"GAG254: Eine kurze Geschichte des Kautschuks
",1900,1999,1949,1949,"[1900, 1999]","[""20. Jahrhunderts""]","[""bald""]"
"GAG253: Martin Frobisher und die Steine
",1500,1703,1601,1600,"[1703, 1500, 1599]","[""die zweite Hälfte"", ""16. Jahrhunderts""]","[""bald""]"
"GAG252: Harvard Computers – Wie Astronominnen die Sterne neu sortierten
"
"GAG251: Der Schachtürke
",1700,1799,1749,1749,"[1700, 1799]","[""18. Jahrhunderts""]","[""bald""]"
"GAG250: Eine kurze Geschichte der Bluttransfusion
",1291,1899,1595,1715,"[1291, 1800, 1899, 1873]","[""dieser Woche"", ""19. Jahrhunderts"", ""1873""]",[]
"GAG249: Das Malireich und die Pilgerreise des vielleicht reichsten Mannes der Geschichte
",1300,1399,1349,1349,"[1300, 1399]","[""14. Jahrhundert""]",[]
"GAG248: Der Venustransit von 1761/69 und das erste wissenschaftliche Großprojekt
",1761,1769,1765,1763,"[1761, 1769, 1761]","[""1761"", ""69"", ""Jahr 1761""]",[]
"GAG247: Der Emu Krieg von 1932
",1932,1932,1932,1932,"[1932, 1932]","[""1932"", ""Jahr 1932""]",[]
"GAG246: John Law und die Mississippi-Blase
",1715,1715,1715,1715,[1715],"[""1715""]","[""bald""]"
"GAG245: Operation Paul Bunyan
",1976,1976,1976,1976,[1976],"[""Jahr 1976""]",[]
"GAG244: Die Mühle von Auriol und warum ihre Zerstörung eine Besetzung Frankreichs verhindert hat
",1500,1599,1549,1545,"[1500, 1599, 1536]","[""16. Jahrhundert"", ""1536""]","[""wenige Monate später""]"
"GAG243: Aeneas Coffey und eine kleine Geschichte des irischen Whiskeys
",1291,1899,1595,1705,"[1291, 1800, 1899, 1831]","[""dieser Woche"", ""19. Jahrhunderts"", ""Jahr 1831""]","[""heutzutage""]"
"GAG242: Eine kurze Geschichte der Olympischen Spiele (der Neuzeit)
",1800,1948,1874,1892,"[1800, 1899, 1912, 1948, 1904]","[""19. Jahrhunderts"", ""1912"", ""1948"", ""1904""]",[]
"GAG241: General Königsmarck und der größte Kunstraub aller Zeiten
",1648,1648,1648,1648,[1648],"[""Sommer des Jahres 1648""]",[]
"GAG240: René Blondlot und die Entdeckung der N-Strahlen
",1900,1999,1949,1934,"[1903, 1900, 1999]","[""Jahr 1903"", ""20. Jahrhunderts""]","[""bald"", ""bald""]"
"GAG239: Die Zabern-Affäre
",1900,1999,1949,1937,"[1900, 1999, 1913]","[""20. Jahrhunderts"", ""Oktober 1913""]",[]
"GAG238: Kurze Geschichten ausgestorbener Berufe
"
"GAG237: Friedrich Anton Mesmer und der Animalische Magnetismus
",1700,1799,1749,1759,"[1700, 1799, 1778]","[""18. Jahrhundert"", ""Jahr 1778""]","[""heute""]"
"GAG236: Monopoly – Die Geschichte eines Brettspiels
",1904,1904,1904,1904,[1904],"[""Jahr 1904""]","[""heute""]"
"GAG235: Die Quarzkrise
",1900,1999,1949,1962,"[1900, 1999, 1970, 1979]","[""20. Jahrhundert"", ""den 1970er Jahren""]",[]
"GAG234: Das bekannteste Parfüm der Welt und seine russische Vorgeschichte
",1900,1999,1949,1939,"[1900, 1999, 1920]","[""20. Jahrhunderts"", ""1920""]",[]
"GAG233: Norton I., Kaiser der USA
",1291,1899,1595,1710,"[1291, 1800, 1899, 1852]","[""diese Woche"", ""19. Jahrhunderts"", ""Jahr 1852""]",[]
"GAG232: Ein Mordfall und das umfangreichste Wörterbuch der englischen Sprache
",1850,1859,1854,1854,"[1850, 1859]","[""den 1850er-Jahre""]","[""heute""]"
"GAG231: Die Große Enttäuschung von 1844
",1800,1899,1849,1846,"[1844, 1800, 1899, 1844, 1844]","[""1844"", ""19. Jahrhunderts"", ""1844"", ""1844""]",[]
"GAG230: Die Tendaguru-Expedition und das größte Dinosaurierskelett der Welt
",1900,1999,1949,1930,"[1900, 1999, 1909, 1913]","[""20. Jahrhunderts"", ""1909"", ""1913""]",[]
"GAG229: Elisabeth Báthory, die (angebliche) Blutgräfin
",1600,1699,1649,1636,"[1600, 1699, 1610]","[""17. Jahrhundert"", ""Jahr 1610""]",[]
"GAG228: Berliner Blau – die Erfindung einer Farbe
",1706,1706,1706,1706,[1706],"[""Jahr 1706""]","[""heute""]"
"GAG227: Die unsterbliche Henrietta Lacks
",1900,1999,1949,1949,"[1900, 1999]","[""20. Jahrhunderts""]",[]
"GAG226: Der Untergang der Batavia
",1628,1628,1628,1628,[1628],"[""Oktober 1628""]",[]
"GAG225: Die Rundfahrt der Schlachtfelder
",1919,1919,1919,1919,[1919],"[""Jahr 1919""]",[]
"GAG224: Die Balmis-Expedition und eine kurze Geschichte der Pockenimpfung
",1798,1899,1848,1825,"[1800, 1899, 1798, 1803]","[""19. Jahrhunderts"", ""1798"", ""1803""]",[]
"GAG223: Ramen und die Transformation Japans
"
"GAG222: Das Voynich-Manuskript
"
"GAG221: Hans Staden - ein Landsknecht bei den Menschenfressern
",1500,1599,1549,1549,"[1500, 1599]","[""16. Jahrhundert""]",[]
"GAG220: Eine kurze Geschichte der Rohrpost
",1900,1900,1900,1900,[1900],"[""1900""]","[""Heute""]"
"GAG219: Die Kotze-Affäre
",1800,1900,1850,1872,"[1800, 1899, 1900, 1891]","[""19. Jahrhunderts"", ""Jänner"", ""Jahres 1891""]",[]
"GAG218: Die Pazzi-Verschwörung und der Aufstieg der Medici
",1478,1478,1478,1478,"[1478, 1478]","[""26. April 1478"", ""April""]",[]
"GAG217: Wie Joseph Haydn den Kopf verlor
",1800,1899,1849,1849,"[1800, 1899]","[""19. Jahrhunderts""]",[]
"GAG216: Napoleon II. – Vom König von Rom zum Herzog von Reichstadt
",1940,1940,1940,1940,[1940],"[""1940""]","[""einige Jahrzehnte später"", ""wenige Jahre später""]"
"GAG215: Wojtek, polnischer Soldatenbär
"
"GAG214: Hedy Lamarr – Hollywoodstar und Erfinderin
",1930,2018,1974,1973,"[1930, 1939, 1941, 1997, 2018, 2018]","[""1930er-Jahre"", ""1941"", ""1997"", ""2018"", ""9. November""]","[""heute""]"
"GAG213: Tom Morris und eine kleine Geschichte des Golfsports
",1800,1899,1849,1849,"[1800, 1899]","[""19. Jahrhunderts""]","[""heute""]"
"GAG212: Eine kleine Geschichte der Sternbilder
",1900,1999,1949,1949,"[1900, 1999]","[""20. Jahrhundert""]","[""heute""]"
"GAG211: Griechisches Feuer
",1100,1199,1149,1149,"[1100, 1199]","[""12. Jahrhundert""]",[]
"GAG210: Der Kunstfälscher Han van Meegeren
",1900,2018,1959,1961,"[1900, 1999, 2018, 1943, 1945]","[""20. Jahrhunderts"", ""Jan"", ""1943"", ""1945""]",[]
"GAG209: Cyriacus und die Erfindung der Archäologie
",1400,1499,1449,1449,"[1400, 1499]","[""15. Jahrhundert""]","[""bald""]"
"GAG208: Die kleinste Liga der Welt – Eishockey in der DDR
",1968,1990,1979,1974,"[1970, 1990, 1968, 1969]","[""1970"", ""1990"", ""1968"", ""1969""]",[]
"GAG207: William Stewart Halsted und die Chirurgie des 19. Jahrhunderts
",1800,1899,1849,1849,"[1800, 1899, 1800, 1899]","[""19. Jahrhunderts"", ""19. Jahrhunderts""]","[""heute""]"
"GAG206: Von Verliesen &amp; Drachen - ein 3W6 Crossover
"
"GAG205: Die Befreiung von Schloss Itter
",1945,1945,1945,1945,[1945],"[""Jahr 1945""]",[]
"GAG204: Obaysch - das viktorianische Nilpferd
",1800,1899,1849,1849,"[1800, 1899]","[""19. Jahrhunderts""]",[]
"GAG203: Bleiben oder gehen? Die Option in Südtirol 1939
",1939,1939,1939,1939,"[1939, 1939, 1939]","[""1939"", ""Jahr 1939"", ""Oktober 1939""]",[]
"GAG202: Über Brunzdoktoren und Uroskopie – die Harnschau in der vormodernen Medizin
",1500,1999,1749,1749,"[1500, 1599, 1900, 1999]","[""16. Jahrhundert"", ""20. Jahrhundert""]",[]
"GAG201: Eine kleine Geschichte des Speiseeises
",2018,2018,2018,2018,[2018],"[""dieser Woche""]","[""heutzutage""]"
"GAG200: Eine Abrechnung
"
"GAG199: UC 71 und der U-Boot-Krieg im Ersten Weltkrieg
",1919,1919,1919,1919,[1919],"[""Februar 1919""]",[]
"GAG198: Olga von Kiew oder Mit den Spatzen kam der Tod
",700,999,849,849,"[900, 999, 700, 799]","[""das 10. Jahrhundert"", ""8. Jahrhundert""]","[""heute""]"
"GAG197: Das kurzlebige Königreich Finnland – und ein deutscher Adliger auf dem Thron
",1900,1999,1949,1949,"[1900, 1999]","[""20. Jahrhundert""]",[]
"GAG196: Wie der Panamakanal entstand
"
"GAG195: Wie Gerta Stern auf der Flucht nach Panama ihren Mann aus dem KZ befreite
",1938,1938,1938,1938,"[1938, 1938, 1938]","[""Jahr 1938"", ""Oktober 1938"", ""9. November""]",[]
"GAG194: Die Natchez und der französische Kolonialismus in Nordamerika
",1700,1799,1749,1749,"[1700, 1799]","[""18. Jahrhunderts""]",[]
"GAG193: Kanton Übrig – Wie Vorarlberg 1919 nicht der Schweiz beitrat
",1919,1919,1919,1919,"[1919, 1919]","[""1919"", ""11. Mai 1919""]","[""heute""]"
"GAG192: Tiere vor Gericht
",1200,1599,1399,1399,"[1200, 1299, 1500, 1599]","[""13. Jahrhundert"", ""16. Jahrhundert""]",[]
"GAG191: Aethelfled - Warrior Queen of Mercia
"
"GAG190: Die Assassinen
",1100,1299,1199,1199,"[1100, 1199, 1200, 1299]","[""12."", ""13. Jahrhundert""]",[]
"GAG189: Die Schlacht bei Cannae
",200,299,249,249,"[200, 299]","[""3. Jahrhundert""]",[]
"GAG188: Martin Couney und die Inkubator-Ausstellungen
",1900,1999,1949,1949,"[1900, 1999]","[""20. Jahrhunderts""]",[]
"GAG187: Die Wiener Weltausstellung von 1873
",1873,1873,1873,1873,"[1873, 1873]","[""1873"", ""Jahr 1873""]",[]
"GAG186: Die Redlichen Pioniere von Rochdale und eine kurze Geschichte der Genossenschaften
",1800,1899,1849,1880,"[1800, 1899, 1896, 1897, 1896, 1897]","[""19. Jahrhundert"", ""1896"", ""97"", ""21. November 1896"", ""6. Februar 1897""]","[""heute""]"
"GAG185: Kleindeutschland und die General Slocum Katastrophe
",1800,1999,1899,1899,"[1900, 1999, 1800, 1899]","[""20. Jahrhundert"", ""19. Jahrhunderts""]","[""heute""]"
"GAG184: Katharina Kepler – ein Hexenprozess in der Frühen Neuzeit
",1600,1699,1649,1649,"[1600, 1699]","[""17. Jahrhundert""]",[]
"GAG183: Agrippina die Jüngere, mächtigste Frau der frühen Kaiserzeit
",2018,2018,2018,2018,[2018],"[""Jahr 2018""]",[]
"GAG182: Der Zündholzkönig Ivar Kreuger
",1920,1983,1951,1938,"[1920, 1929, 1933, 1934, 1930, 1983]","[""die 1920er Jahre"", ""1933"", ""1934"", ""Jahr 1930"", ""Jahr 1983""]",[]
"GAG181: Von Gulasch, Pörkölt und Nationalgerichten
"
"GAG180: Die Gelbe Flotte – ein Schiffskonvoi zwischen den Fronten
"
"GAG179: Maria Sibylla Merian – Naturforscherin und Künstlerin
",1600,1699,1649,1649,"[1600, 1699]","[""17. Jahrhunderts""]",[]
"GAG178: Der Klosterskandal von Sant’Ambrogio
",1800,1899,1849,1865,"[1897, 1800, 1899]","[""diese Woche"", ""19. Jahrhunderts""]",[]
"GAG177: Robert Fortune, Botaniker und Teespion
",1800,1899,1849,1849,"[1800, 1899]","[""19. Jahrhunderts""]",[]
"GAG176: Die Anfänge des Anarchismus und was Uhrmacher in der Schweiz damit zu tun haben
",1800,1899,1849,1862,"[1800, 1899, 1860, 1869, 1870, 1879]","[""19. Jahrhunderts"", ""den 1860er"", ""1870er-Jahren""]",[]
"GAG175: C.W. Field und das erste Kabel durch den Atlantik
",1800,1899,1849,1849,"[1800, 1899]","[""19. Jahrhunderts""]",[]
"GAG174: Harriet Tubman und die Underground Railroad
"
"GAG173: Der gefährliche Garten von Vaux-le-Vicomte
",1600,1699,1649,1649,"[1600, 1699]","[""17. Jahrhunderts""]","[""bald""]"
"GAG172: Eine kurze Geschichte der Armut in der Frühen Neuzeit
",1500,1850,1675,1715,"[1500, 1850, 1600, 1795, 1834]","[""1500"", ""1850"", ""1600"", ""1795"", ""1834""]",[]
"GAG171: Eine ganz kleine Geschichte der Nacht und des Schlafs
"
"GAG170: Auf Schatzsuche
",1834,1834,1834,1834,[1834],"[""August""]",[]
"GAG169: Maos Großer Sprung und die chinesische Hungersnot von 1958–62
",1958,1962,1960,1959,"[1958, 1962, 1958]","[""1958"", ""62"", ""Jahr 1958""]",[]
"GAG168: Carl Laemmle und die Anfänge Hollywoods
",1884,1912,1898,1898,"[1884, 1912]","[""Jahr 1884"", ""1912""]","[""heute""]"
"GAG167: Mary Toft und die Hasen
",1700,1799,1749,1749,"[1700, 1799]","[""18. Jahrhunderts""]",[]
"GAG166: Siegmund Bosel – die wechselvolle Geschichte eines Inflationskönigs
",1920,1942,1931,1930,"[1920, 1929, 1942]","[""1920er-Jahre"", ""1942""]",[]
"GAG165: Pius IX. und die kurzlebige Römische Republik von 1849
",1800,1899,1849,1849,"[1849, 1800, 1899, 1848]","[""1849"", ""19. Jahrhunderts"", ""1848""]",[]
"GAG164: Eine kurze Geschichte des Alkoholkonsums
"
"GAG163: Vernepator Cur - der Hund im Hamsterrad
",1500,1899,1699,1699,"[1500, 1599, 1800, 1899]","[""16. Jahrhundert"", ""19. Jahrhundert""]",[]
"GAG162: Novemberrevolution und die mehrfache Ausrufung der Republik
",1918,1919,1918,1918,"[1918, 1919, 1918, 1918]","[""1918"", ""19"", ""9. November 1918"", ""9. November""]","[""heute""]"
"GAG161: Steamboat Arabia oder Der Schatz im Maisfeld
",1800,1988,1894,1895,"[1800, 1899, 1988]","[""19. Jahrhunderts"", ""Jahr 1988""]",[]
"GAG160: Barbareskenstaaten und die europäischen Seemächte
",1918,1918,1918,1918,[1918],"[""diese Woche""]",[]
"GAG159: Thorsten Logge über Geschichte und Public History
"
"GAG158: Al-Biruni und die erste Globalgeschichte
",1000,1000,1000,1000,[1000],"[""Jahr 1000""]","[""heute""]"
"GAG157: Salpeter – Aufstieg und Fall einer chemischen Verbindung
",1800,1929,1864,1875,"[1800, 1899, 1800, 1899, 1884, 1920, 1929]","[""19. Jahrhundert"", ""19. Jahrhunderts"", ""1884"", ""den 1920er Jahren""]","[""bald"", ""heute""]"
"GAG156: Charles Lindbergh, Alexis Carrel und die Mensch-Maschine
",1900,1999,1949,1949,"[1900, 1999]","[""20. Jahrhunderts""]",[]
"GAG155: Trofim Lyssenko und der Lyssenkoismus in der Sowjetunion
",1930,1939,1934,1934,"[1930, 1939]","[""den 1930er Jahren""]",[]
"GAG154: La Maupin, die duellierende Opernsängerin
",1600,1699,1649,1657,"[1600, 1699, 1673]","[""17. Jahrhunderts"", ""Jahr 1673""]","[""heute""]"
"GAG153: Wien-Tour mit Thomas Harbich (#WienFakt)
"
"GAG152: Ernest Shackleton und die Endurance-Expedition
",1914,1914,1914,1914,[1914],"[""Jahr 1914""]","[""heute"", ""bald""]"
"GAG151: Manjirō, der erste Japaner in Amerika
",1800,1899,1849,1846,"[1841, 1800, 1899]","[""Jahr 1841"", ""19. Jahrhundert""]",[]
"GAG150: Die Geschichte des Filmstudios Bendestorf
",1947,1951,1949,1949,"[1947, 1951]","[""1947"", ""1951""]","[""bald"", ""Heute""]"
"GAG149: Die Kabeljaukriege
",1900,1999,1949,1959,"[1950, 1959, 1900, 1999, 1958, 1970, 1979]","[""den späten 50er Jahren"", ""20. Jahrhunderts"", ""Jahr 1958"", ""die späten 1970er Jahre""]",[]
"GAG148: Das Ende der Welt – Friedenskaiser und falsche Friedriche
"
"GAG147: Das Fräulein vom Amt
",1800,1899,1849,1849,"[1800, 1899]","[""19. Jahrhunderts""]","[""heute""]"
"GAG146: Tripel-Allianz-Krieg
",1864,1870,1867,1867,"[1864, 1870]","[""1864"", ""1870""]","[""heute"", ""heute""]"
"GAG145: Barbara von Cilli oder Wie eine 100 mal wiederholte Lüge zur Wahrheit wird
"
"GAG144: Die Spanische Grippe
",1900,1999,1949,1939,"[1918, 1900, 1999]","[""Jahr 1918"", ""20. Jahrhunderts""]",[]
"GAG143: Über Marsmenschen, Massenpanik und die Entstehung eines Mythos
",1918,1918,1918,1918,[1918],"[""nächsten Tag""]","[""heute""]"
"GAG142: Bertha Pappenheim – Gründerin des Jüdischen Frauenbundes und Sozialpionierin
",1900,1999,1949,1949,"[1900, 1999]","[""20. Jahrhunderts""]",[]
"GAG141: Die kurze Geschichte des Kokovorismus
",1900,1999,1949,1939,"[1900, 1999, 1918]","[""20. Jahrhunderts"", ""August""]",[]
"GAG140: Eisbrecher für die Diplomatie – das Fußball-Länderspiel Sowjetunion gegen die BRD 1955
",1955,1955,1955,1955,"[1955, 1955, 1955]","[""1955"", ""Jahr 1955"", ""21. August 1955""]",[]
"GAG139: Als Voltaire die Lotterie knackte und steinreich wurde
",1700,1799,1749,1749,"[1700, 1799]","[""18. Jahrhunderts""]","[""heute""]"
"GAG138: Askari und die Kolonialgeschichte des Deutschen Reichs
",1800,1899,1849,1849,"[1800, 1899]","[""19. Jahrhunderts""]",[]
"GAG137: Die Französisch-Britische Union
",1940,1955,1947,1947,"[1955, 1940]","[""diese Woche"", ""1940""]",[]
"GAG136: Der Jüdische Friedhof Währing
",1800,1899,1849,1849,"[1800, 1899, 1800, 1899]","[""19. Jahrhundert"", ""19. Jahrhunderts""]",[]
"GAG135: Adolf Loos
",1928,2014,1971,1971,"[1928, 2014]","[""1928"", ""2014""]",[]
"GAG134: Eine kleine Geschichte des Kaiserschnitts anhand der Personen Jacob Nufer, James Barry und Margret Ann Bulkley
",1500,1899,1699,1699,"[1500, 1599, 1800, 1899]","[""16. Jahrhundert"", ""19. Jahrhundert""]",[]
"GAG133: Alexios Komnenos und der Erste Kreuzzug
",1095,1095,1095,1095,[1095],"[""Jahr 1095""]",[]
"GAG132: Gesche Gottfried, der Engel von Bremen
",1800,1955,1877,1884,"[1955, 1800, 1899]","[""dieser Woche"", ""19. Jahrhundert""]","[""bald"", ""heute""]"
"GAG131: Strathclyde – ein (fast) vergessenes Königreich
"
"GAG130: Alexander von Abonuteichos oder Wie ein Kult entsteht
",100,1955,1027,751,"[1955, 100, 199]","[""dieser Woche"", ""2. Jahrhundert""]","[""bald"", ""heute""]"
"GAG129: Die Entdeckung der Dinosaurier
",1800,1899,1849,1849,"[1800, 1899]","[""19. Jahrhunderts""]",[]
"GAG128: Crash at Crush
",1800,1899,1849,1849,"[1800, 1899]","[""19. Jahrhunderts""]",[]
"GAG127: Struensee – Aufstieg und Fall eines Arztes, der (für kurze Zeit) zum dänischen Regenten wurde
",1760,1769,1764,1764,"[1760, 1769]","[""1760er Jahre""]",[]
"GAG126: Für immer im Eis – die Franklin Expedition
",1800,1899,1849,1849,"[1800, 1899]","[""19. Jahrhunderts""]","[""heute""]"
"GAG125: Republik Fredonia
",1826,1836,1831,1831,"[1826, 1836]","[""Jahr 1826"", ""1836""]",[]
"GAG124: Eine kleine Geschichte des Chinese Restaurant Syndroms
",1900,1999,1949,1949,"[1900, 1999]","[""20. Jahrhunderts""]","[""heute""]"
"GAG123: Christian Gottlieb Prieber – Aussteiger, Renegade und beinahe vergessener Utopist
",1700,1799,1749,1749,"[1700, 1799]","[""18. Jahrhundert""]",[]
"GAG122: Die Belagerung von Masada
",0,99,49,49,"[0, 99]","[""1. Jahrhundert""]","[""heute""]"
"GAG121: Leopardenmorde und Leopardenmenschen
",1850,1950,1900,1900,"[1850, 1950]","[""1850"", ""1950""]",[]
"GAG120: Die Rückkehr des Martin Guerre
",1500,1958,1729,1685,"[1500, 1599, 1958]","[""16. Jahrhundert"", ""Acht Jahre später""]",[]
"GAG119: Die NS-Thingbewegung – Thingstätten und Thingspiele
",400,1933,1166,1166,"[1933, 400]","[""1933"", ""400""]","[""heute""]"
"GAG118: Ein Werwolf in Livland
",1600,1699,1649,1649,"[1600, 1699]","[""17. Jahrhundert""]",[]
"GAG117: Tunix, Tuwat und die Entstehung des Chaos Computer Clubs
",1970,1981,1975,1978,"[1978, 1978, 1981, 1981, 1981, 1970, 1979, 1981, 1977, 1979]","[""Ende Januar 1978"", ""Herbst"", ""Drei Jahre später"", ""August 1981"", ""März"", ""70er Jahre"", ""Herbst"", ""1977"", ""1979""]","[""heute"", ""wenige Jahre später""]"
"GAG116: Über Basken, Wale und ein Massaker auf Island
",2015,2015,2015,2015,"[2015, 2015]","[""Jahr 2015"", ""Sommer""]",[]
"GAG115: Eine kurze Geschichte der Hanse
",1100,1199,1149,1149,"[1100, 1199]","[""12. Jahrhundert""]",[]
"GAG114: Gerhard Zucker und sein Raketentraum
",1900,1999,1949,1949,"[1900, 1999]","[""20. Jahrhunderts""]",[]
"GAG113: Die Hep-Hep-Unruhen von 1819
",1815,1848,1831,1829,"[1819, 1819, 1815, 1848, 1848]","[""1819"", ""1819"", ""1815"", ""1848"", ""August""]","[""heute""]"
"GAG112: Adele Spitzeder und die „Dachauer Bank“
",1800,1899,1849,1853,"[1800, 1899, 1870, 1800, 1899]","[""19. Jahrhundert"", ""1870"", ""19. Jahrhunderts""]",[]
"GAG111: Die Anfänge des Esperanto
",1800,1908,1854,1876,"[1870, 1800, 1899, 1907, 1908]","[""die zweite Hälfte"", ""19. Jahrhunderts"", ""1907"", ""1908""]","[""heute""]"
"GAG110: 110, 112, 999, etc.
"
"GAG109: Der Lotterieaufstand in Albanien
",1996,1997,1996,1996,"[1996, 1997]","[""1996"", ""97""]",[]
"GAG108: Der Paderborner Kaffeelärm
"
"GAG107: Eine kurze Geschichte der Guillotine
"
"GAG106: Das Darién-Projekt und seine Folgen
",1600,1699,1649,1649,"[1600, 1699]","[""17. Jahrhundert""]",[]
"GAG105: Skanderbeg – Ein neuer Alexander und seine Bedeutung für die Geschichte Albaniens
"
"GAG104: Crécy - Chronik eines Versagens
"
"GAG103: Demoskopie – eine kurze Geschichte der (politischen) Meinungsforschung
",1900,1999,1949,1945,"[1900, 1999, 1936]","[""20. Jahrhundert"", ""1936""]",[]
"GAG102: Ein Picknick, das die Welt verändert
",1989,1989,1989,1989,[1989],"[""1989""]",[]
"GAG101: Leon Theremin – Was die Anfänge der elektronischen Musik mit Überwachungstechniken zu tun haben
"
"GAG100: Der Fall der „Mignonette“ und seine Folgen
",1800,1955,1877,1884,"[1955, 1800, 1899]","[""dieser Woche"", ""19. Jahrhunderts""]",[]
"GAG99: Ignaz Semmelweis und die Bekämpfung des Kindbettfiebers
",1800,1899,1849,1848,"[1800, 1899, 1847]","[""19. Jahrhunderts"", ""1847""]","[""heute""]"
"GAG98: Über Schoßhunde und gierige Affen
"
"GAG97: Neutral-Moresnet – Ein Niemandsland mitten in Europa
"
"GAG96: Von der Entstehung des Croissants und anderen kulinarischen Mythen
"
"GAG95: Der Aufstieg des Jakob Fugger
",1500,1500,1500,1500,[1500],"[""1500""]","[""heute""]"
"GAG94: Wer zittert nicht vor den Mohocks?
",1700,1799,1749,1737,"[1700, 1799, 1712]","[""18. Jahrhundert"", ""Frühjahr 1712""]",[]
"GAG93: Das Geheimnis des Lebens – Wie es zur Entdeckung der Doppelhelix kam
",1950,1959,1954,1954,"[1950, 1959]","[""die 1950er Jahre""]",[]
"GAG92: Die Geschichte der Typhoid Mary
",1900,1999,1949,1949,"[1900, 1999]","[""20. Jahrhundert""]",[]
"GAG91: Jan van Eyck – Der König unter den Malern und die Erfindung des Gemäldes
",1430,1712,1571,1524,"[1712, 1430, 1430]","[""Jan"", ""1430"", ""Jan""]",[]
"GAG90: Aufstieg und Fall des Roger Casement
",1800,1899,1849,1849,"[1800, 1899]","[""19. Jahrhunderts""]",[]
"GAG89: Seelenkonskription – die Anfänge der modernen Volkszählungen
",1753,1754,1753,1753,"[1753, 1754]","[""1753"", ""54""]",[]
"GAG88: Von der Tanzwut und ihrer (wahrscheinlichen) Ursache
"
"GAG87: Die Einführung von Freigeld und das Wunder von Wörgl
",1930,1939,1934,1934,"[1930, 1939]","[""die 1930er Jahre""]","[""bald""]"
"GAG86: Sabbatai Zwi – Der falsche Messias
"
"GAG85: Ein Arm, ein Hai, ein Kriminalfall
",1930,1939,1934,1934,"[1930, 1939]","[""die 1930er Jahre""]",[]
"GAG84: Eine kleine Geschichte des Klimas und des Klimawandels
",1754,1754,1754,1754,[1754],"[""Winter""]","[""heute""]"
"GAG83: 100 Jahre vor der Reformation – Jan Hus und die Hussitenkriege
",1754,1754,1754,1754,"[1754, 1754, 1754]","[""Jan"", ""Dieses Jahr"", ""Jan""]",[]
"GAG82: Victor Gruen und die Erfindung des Einkaufszentrums
",1900,1999,1949,1962,"[1900, 1999, 1970, 1979]","[""20. Jahrhunderts"", ""den 1970er-Jahren""]",[]
"GAG81: Eine kurze Geschichte des Essbestecks (aber ohne Löffel)
"
"GAG80: Eine Kirche auf dem Dachboden – Reformation und das Goldene Zeitalter in den Niederlanden
",1661,1899,1780,1799,"[1661, 1661, 1800, 1899, 1888, 1888]","[""1661"", ""Jan"", ""19. Jahrhunderts"", ""1888"", ""Jan""]","[""heute""]"
"GAG79: Das Rolandslied – über Heldentaten, Karl den Großen und Kreuzzugspropaganda
",1100,1199,1149,1149,"[1100, 1199]","[""12. Jahrhundert""]","[""heute""]"
"GAG78: Eine kurze Geschichte der Sommerzeit
",1888,1888,1888,1888,"[1888, 1888]","[""März"", ""Oktober""]",[]
"GAG77: Der Augsburger Kalenderstreit: Folgen eines tatsächlichen Zeitsprungs
",1582,1582,1582,1582,"[1582, 1582, 1582]","[""Jahr 1582"", ""4. Oktober"", ""15. Oktober""]",[]
"GAG76: Holdouts – Japans vergessene Soldaten
",1970,1979,1974,1974,"[1970, 1979]","[""1970er Jahre""]",[]
"GAG75: Sobhuza II., König von Swaziland
",1800,1999,1899,1899,"[1800, 1899, 1900, 1999]","[""19. Jahrhunderts"", ""20. Jahrhunderts""]",[]
"GAG74: Die Bonnot-Bande und die Erfindung des Fluchtautos
",1870,1912,1891,1893,"[1870, 1879, 1911, 1912]","[""den 1870er Jahren"", ""1911"", ""1912""]",[]
"GAG73: Ludwig XIV. und seine pikante Operation
",1600,1699,1649,1649,"[1600, 1699]","[""17. Jahrhundert""]",[]
"GAG72: Phantominseln
",1582,1582,1582,1582,[1582],"[""dieser Woche""]",[]
"GAG71: Wie die Kartoffel nach Europa kam (und alles veränderte)
"
"GAG70: Die Würzburger Lügensteine
",1725,1726,1725,1725,"[1725, 1726]","[""Jahr 1725"", ""26""]","[""bald""]"
"GAG69: Die Boston Melasse Katastrophe
",1900,1999,1949,1949,"[1900, 1999]","[""20. Jahrhunderts""]",[]
"GAG68: Eine ganz kleine Geschichte der Mikroskopie
"
"GAG67: Palladio, der erfolgreichste Architekt aller Zeiten
",1500,1599,1549,1549,"[1500, 1599]","[""16. Jahrhundert""]","[""heute""]"
"GAG66: Der Aufstieg Hamburgs – Fake it 'til you make it
",700,899,799,799,"[700, 799, 800, 899]","[""8."", ""9. Jahrhundert""]",[]
"GAG65: Die Erfindung des diamantenen Verlobungsrings
",1800,1999,1899,1899,"[1800, 1899, 1900, 1999]","[""19. Jahrhunderts"", ""20. Jahrhunderts""]","[""heute""]"
"GAG64: Paul Dirac und die Schönheit der Mathematik
",1902,1984,1943,1939,"[1902, 1984, 1933]","[""1902"", ""1984"", ""1933""]","[""heute""]"
"GAG63: Konstantin und die Janitscharen
",1400,1499,1449,1449,"[1400, 1499]","[""15. Jahrhundert""]",[]
"GAG62: Eine kurze Geschichte der Rollschuhe und des Rollschuhfahrens
",1800,1949,1874,1885,"[1800, 1899, 1863, 1863, 1940, 1949]","[""19. Jahrhunderts"", ""1863"", ""Sommer"", ""die 1940er Jahre""]",[]
"GAG61: Die niederländische ""Tulpenmanie"" (und warum sie gar nicht so schlimm war)
",1600,1699,1649,1649,"[1600, 1699]","[""17. Jahrhundert""]",[]
"GAG60: Wie das Essengehen erfunden wurde
",1800,1800,1800,1800,[1800],"[""1800""]",[]
"GAG59: The Lost Colony
",1500,1599,1549,1567,"[1500, 1599, 1580, 1589]","[""16. Jahrhundert"", ""den 1580er Jahren""]","[""heute""]"
"GAG58: Londoner Kutschenstreit
",1661,1661,1661,1661,[1661],"[""30. September 1661""]",[]
"GAG57: Von Grabtüchern, Knochen und wieder mal Venedig
",1661,1661,1661,1661,[1661],"[""diese Woche""]",[]
"GAG56: Piggly Wiggly und die Geschichte des Supermarkts
",1916,1916,1916,1916,[1916],"[""1916""]","[""heute""]"
"GAG55: Der letzte Kammerdiener des alten Kaisers
",1916,1916,1916,1916,[1916],"[""21. November""]",[]
"GAG54: Die erste Rektorin einer deutschen Universität
",1965,2016,1990,1983,"[1965, 1968, 2016]","[""1965"", ""1968"", ""September 2016""]",[]
"GAG53: Ein Verrat und ein langer Strich auf der Berliner Mauer
",1980,1989,1984,1984,"[1980, 1989]","[""die 1980er Jahre""]",[]
"GAG52: Die Geschichte der Annie Londonderry, ""New Woman"" und Fahrradweltreisende
"
"GAG51: Eine kurze Geschichte der Rhythmologie und der Erforschung des Herzens
",-499,1999,750,750,"[-400, -499, 1900, 1999]","[""5. Jahrhundert vor Christus"", ""20. Jahrhunderts""]",[]
"GAG50: Ossian, ein altgälisches Epos wie keines davor
",1700,1799,1749,1749,"[1700, 1799]","[""18. Jahrhundert""]",[]
"GAG49: Der »Dig Tree« und die erste Durchquerung Australiens
",1860,1860,1860,1860,[1860],"[""1860""]",[]
"GAG48: George Ansons katastrophale Expedition – und ihre Folgen
",1740,1740,1740,1740,[1740],"[""Jahr 1740""]",[]
"GAG47: Die Schwabenkinder und ihre Geschichte
"
"GAG46: Aufstieg und Fall der Republik Ragusa
",1800,1899,1849,1849,"[1800, 1899]","[""19. Jahrhundert""]",[]
"GAG45: Zwentendorf – Das sicherste Kernkraftwerk der Welt
",1970,1979,1974,1974,"[1970, 1979]","[""den 1970er Jahren""]",[]
"GAG44: Eine kurze Geschichte der Süßigkeiten
"
"GAG43: Josef Eisemann, Seiltänzer in Wien
",1949,1949,1949,1949,[1949],"[""Sommers 1949""]",[]
"GAG42: The City of Roses – Ein Rosengarten für Portland
",1917,1917,1917,1917,[1917],"[""1917""]","[""Heute""]"
"GAG41: Der Wiener Kreis und die Ermordung von Moritz Schlick
",1900,1999,1949,1945,"[1936, 1900, 1999]","[""22. Juni 1936"", ""20. Jahrhunderts""]",[]
"GAG40: Über den Ursprung der Seidenstraße
"
"GAG39: Die Legion Erzengel Michael und Corneliu Codreanu
"
"GAG38: Eine kurze Geschichte der Leibeigenschaft
"
"GAG37: Eine Reise um die Welt
",1846,1846,1846,1846,[1846],"[""Jahr 1846""]",[]
"GAG36: Eine sehr kurze Geschichte des Deodorants
",1900,1999,1949,1949,"[1900, 1999]","[""20. Jahrhunderts""]","[""heute""]"
"GAG35: Magia Posthuma – Vampirismus in Zeiten der Aufklärung
",1700,1799,1749,1749,"[1700, 1799]","[""18. Jahrhundert""]",[]
"GAG34: Tee, Silber und Rauschmittel
",1700,1999,1849,1849,"[1700, 1799, 1800, 1899, 1900, 1999]","[""18. Jahrhundert"", ""19. Jahrhundert"", ""20. Jahrhundert""]","[""heute""]"
"GAG33: Curta – eine Rechenmaschine und ihre Geschichte
",1930,1947,1938,1938,"[1936, 1930, 1939, 1947]","[""dieser Woche"", ""den 1930er Jahren"", ""1947""]",[]
"GAG32: Henry Gunther
",1895,1936,1915,1915,"[1936, 1895]","[""diese Woche"", ""Jahr 1895""]",[]
"GAG31: Blitzkrieg im Fußballstadion
",1941,1941,1941,1941,[1941],"[""1941""]",[]
"GAG30: Wie die Zeit zu unserer Zeit wurde
",1800,1899,1849,1849,"[1800, 1899]","[""19. Jahrhunderts""]",[]
"GAG29: Ein Müller in den Fängen der Inquisition
",1500,1599,1549,1549,"[1500, 1599]","[""16. Jahrhunderts""]",[]
"GAG28: Von Appenzellern, Bregenzern und einer Frau namens Guta
",1400,1499,1449,1449,"[1400, 1499]","[""15. Jahrhundert""]",[]
"GAG27: Die Rote Zora und ihre Vorfahren
"
"GAG26: Wie der Champagner zu seinen Bläschen kam
"
"GAG25: Eine kaiserliche Bibliothek des Menschengeschlechts
",1575,1575,1575,1575,[1575],"[""1575""]",[]
"GAG24: A French Connection, zum Scheitern verurteilt
"
"GAG23: Ziemlich beste Feindschaft oder Die Anfänge der Bakteriologie
",1800,1899,1849,1849,"[1800, 1899]","[""19. Jahrhunderts""]",[]
"GAG22: Vom Goldjungen zum Staatsgefangenen
",1600,1699,1649,1649,"[1600, 1699]","[""17. Jahrhundert""]",[]
"GAG21: Von der Erfindung der Einbauküche
",1920,1929,1924,1924,"[1920, 1929]","[""den 1920er Jahren""]",[]
"GAG20: Von Drachenknochen und Schildkrötenorakeln
",1800,1899,1849,1849,"[1800, 1899]","[""19. Jahrhunderts""]",[]
"GAG19: Wenn ein Wissenschaftler an Drachen glaubt
"
"GAG18: Wie Russland den Bart verlor
",1600,1699,1649,1649,"[1600, 1699]","[""17. Jahrhunderts""]",[]
"GAG17: Eine Urkunde, ein Zeltlager und eine Fälschung
",1156,1156,1156,1156,[1156],"[""Jahr 1156""]",[]
"GAG16: Ton, Steine, Scherben oder wie Rom sich einen achten Hügel baute
"
"GAG15: Das Mailüfterl
",1156,1156,1156,1156,[1156],"[""diesem Jahr""]",[]
"GAG14: Ein englisches Atlantis
"
"GAG13: Ein Spionagefall erschüttert die Habsburger Monarchie
",1913,1913,1913,1913,"[1913, 1913, 1913]","[""Jahr 1913"", ""24."", ""25. Mai""]",[]
"GAG12: Ein Kaiser, ein Gott, viele Todesfälle
"
"GAG11: Von Kindern und Kegeln
"
"GAG10: Craigslist in der Frühen Neuzeit
",1600,1707,1653,1668,"[1600, 1699, 1707]","[""17. Jahrhunderts"", ""1707""]","[""heute""]"
"GAG09: Wer den englischen Parlamentsbrand auf dem Kerbholz hat
",1834,1834,1834,1834,[1834],"[""Oktober 1834""]",[]
"GAG08: Herr der Fliegen
"
"GAG07: Geteilte Habsburger
"
"GAG06: Ada und die Pferdewetten
"
"GAG05: Lernen Sie Geschichte!
",1981,1981,1981,1981,[1981],"[""Jahr 1981""]",[]
"GAG04: Wellingtons Rache, oder: Ein Bein für ein Königreich
",1913,1913,1913,1913,[1913],"[""letzten Tag""]",[]
"GAG03: Fitness-Parcours für den Pharao
"
"GAG02: Tatortschau mit Wiedererkennungswert
"
"GAG01: Vier Langobarden-Könige und ein Trinkbecher
"
